{
    "timestamp": "2025-12-10T14:17:32.091934",
    "mae": 21.30277777777777,
    "drift_scores": {
        "lag_1": 346.3888888888889,
        "lag_2": 336.94444444444446,
        "hour": 8.5,
        "day_of_week": 0.0,
        "month": 0.0,
        "is_weekend": 0.0,
        "is_festival": 0.2777777777777778
    },
    "decision": "NO_DRIFT"
}